COUNTRY,CENTROID_LATITUDE,CENTROID_LONGITUDE,YEAR,EVENTS
Bahrain,25.9954,50.5421,2020,10
Bahrain,25.9954,50.5421,2021,67
Bahrain,25.9954,50.5421,2022,25
Bahrain,25.9954,50.5421,2023,35
Bahrain,25.9954,50.5421,2024,49
Bahrain,25.9954,50.5421,2025,41
Bahrain,26.1468,50.4809,2020,150
Bahrain,26.1468,50.4809,2021,536
Bahrain,26.1468,50.4809,2022,223
Bahrain,26.1468,50.4809,2023,304
Bahrain,26.1468,50.4809,2024,363
Bahrain,26.1468,50.4809,2025,240
Bahrain,26.1927,50.5508,2020,124
Bahrain,26.1927,50.5508,2021,501
Bahrain,26.1927,50.5508,2022,461
Bahrain,26.1927,50.5508,2023,455
Bahrain,26.1927,50.5508,2024,373
Bahrain,26.1927,50.5508,2025,271
Bahrain,26.2547,50.6428,2020,15
Bahrain,26.2547,50.6428,2021,82
Bahrain,26.2547,50.6428,2022,18
Bahrain,26.2547,50.6428,2023,29
Bahrain,26.2547,50.6428,2024,40
Bahrain,26.2547,50.6428,2025,31
Bahrain,27.0645,51.452,2021,1
Bahrain,27.0645,51.452,2022,2
Iran,12.1336,62.3764,2021,1
Iran,12.1336,62.3764,2023,1
Iran,22.0188,62.9761,2023,1
Iran,24.5876,58.5161,2021,3
Iran,24.5876,58.5161,2022,1
Iran,24.5876,58.5161,2023,2
Iran,24.5876,58.5161,2024,1
Iran,24.5876,58.5161,2025,2
Iran,26.6719,56.4867,2023,1
Iran,26.6719,56.4867,2024,1
Iran,27.0645,51.452,2022,1
Iran,27.0645,51.452,2025,5
Iran,27.1422,55.0325,2020,60
Iran,27.1422,55.0325,2021,71
Iran,27.1422,55.0325,2022,97
Iran,27.1422,55.0325,2023,110
Iran,27.1422,55.0325,2024,133
Iran,27.1422,55.0325,2025,134
Iran,28.2728,60.8613,2020,75
Iran,28.2728,60.8613,2021,150
Iran,28.2728,60.8613,2022,187
Iran,28.2728,60.8613,2023,297
Iran,28.2728,60.8613,2024,237
Iran,28.2728,60.8613,2025,197
Iran,28.7846,51.5038,2020,44
Iran,28.7846,51.5038,2021,92
Iran,28.7846,51.5038,2022,62
Iran,28.7846,51.5038,2023,94
Iran,28.7846,51.5038,2024,148
Iran,28.7846,51.5038,2025,167
Iran,29.2326,57.3392,2020,62
Iran,29.2326,57.3392,2021,142
Iran,29.2326,57.3392,2022,70
Iran,29.2326,57.3392,2023,87
Iran,29.2326,57.3392,2024,122
Iran,29.2326,57.3392,2025,88
Iran,29.3576,53.3176,2020,57
Iran,29.3576,53.3176,2021,173
Iran,29.3576,53.3176,2022,190
Iran,29.3576,53.3176,2023,125
Iran,29.3576,53.3176,2024,147
Iran,29.3576,53.3176,2025,113
Iran,30.7032,51.0949,2020,75
Iran,30.7032,51.0949,2021,90
Iran,30.7032,51.0949,2022,70
Iran,30.7032,51.0949,2023,60
Iran,30.7032,51.0949,2024,57
Iran,30.7032,51.0949,2025,54
Iran,31.4636,48.9916,2020,520
Iran,31.4636,48.9916,2021,793
Iran,31.4636,48.9916,2022,449
Iran,31.4636,48.9916,2023,478
Iran,31.4636,48.9916,2024,425
Iran,31.4636,48.9916,2025,305
Iran,31.4825,54.4162,2020,41
Iran,31.4825,54.4162,2021,74
Iran,31.4825,54.4162,2022,81
Iran,31.4825,54.4162,2023,78
Iran,31.4825,54.4162,2024,87
Iran,31.4825,54.4162,2025,54
Iran,31.979,50.8101,2020,21
Iran,31.979,50.8101,2021,76
Iran,31.979,50.8101,2022,55
Iran,31.979,50.8101,2023,54
Iran,31.979,50.8101,2024,51
Iran,31.979,50.8101,2025,50
Iran,32.6094,52.0477,2020,87
Iran,32.6094,52.0477,2021,272
Iran,32.6094,52.0477,2022,272
Iran,32.6094,52.0477,2023,204
Iran,32.6094,52.0477,2024,230
Iran,32.6094,52.0477,2025,230
Iran,32.8019,58.24,2020,5
Iran,32.8019,58.24,2021,13
Iran,32.8019,58.24,2022,9
Iran,32.8019,58.24,2023,26
Iran,32.8019,58.24,2024,25
Iran,32.8019,58.24,2025,28
Iran,33.0433,46.8724,2020,29
Iran,33.0433,46.8724,2021,67
Iran,33.0433,46.8724,2022,88
Iran,33.0433,46.8724,2023,107
Iran,33.0433,46.8724,2024,86
Iran,33.0433,46.8724,2025,72
Iran,33.5164,48.3219,2020,39
Iran,33.5164,48.3219,2021,126
Iran,33.5164,48.3219,2022,124
Iran,33.5164,48.3219,2023,93
Iran,33.5164,48.3219,2024,85
Iran,33.5164,48.3219,2025,78
Iran,34.4772,49.5818,2020,51
Iran,34.4772,49.5818,2021,86
Iran,34.4772,49.5818,2022,95
Iran,34.4772,49.5818,2023,106
Iran,34.4772,49.5818,2024,96
Iran,34.4772,49.5818,2025,96
Iran,34.4871,46.8086,2020,86
Iran,34.4871,46.8086,2021,121
Iran,34.4871,46.8086,2022,185
Iran,34.4871,46.8086,2023,219
Iran,34.4871,46.8086,2024,173
Iran,34.4871,46.8086,2025,154
Iran,34.6674,51.002,2020,16
Iran,34.6674,51.002,2021,46
Iran,34.6674,51.002,2022,44
Iran,34.6674,51.002,2023,35
Iran,34.6674,51.002,2024,39
Iran,34.6674,51.002,2025,44
Iran,34.8698,48.559,2020,16
Iran,34.8698,48.559,2021,49
Iran,34.8698,48.559,2022,76
Iran,34.8698,48.559,2023,71
Iran,34.8698,48.559,2024,67
Iran,34.8698,48.559,2025,63
Iran,35.5022,51.3269,2020,424
Iran,35.5022,51.3269,2021,706
Iran,35.5022,51.3269,2022,934
Iran,35.5022,51.3269,2023,556
Iran,35.5022,51.3269,2024,497
Iran,35.5022,51.3269,2025,634
Iran,35.6014,47.0057,2020,105
Iran,35.6014,47.0057,2021,154
Iran,35.6014,47.0057,2022,301
Iran,35.6014,47.0057,2023,263
Iran,35.6014,47.0057,2024,175
Iran,35.6014,47.0057,2025,151
Iran,35.7792,59.0295,2020,79
Iran,35.7792,59.0295,2021,166
Iran,35.7792,59.0295,2022,155
Iran,35.7792,59.0295,2023,152
Iran,35.7792,59.0295,2024,130
Iran,35.7792,59.0295,2025,153
Iran,35.7868,54.9676,2020,21
Iran,35.7868,54.9676,2021,38
Iran,35.7868,54.9676,2022,37
Iran,35.7868,54.9676,2023,31
Iran,35.7868,54.9676,2024,60
Iran,35.7868,54.9676,2025,54
Iran,35.9457,50.906,2020,35
Iran,35.9457,50.906,2021,83
Iran,35.9457,50.906,2022,108
Iran,35.9457,50.906,2023,74
Iran,35.9457,50.906,2024,33
Iran,35.9457,50.906,2025,50
Iran,36.1089,50.0386,2020,44
Iran,36.1089,50.0386,2021,70
Iran,36.1089,50.0386,2022,88
Iran,36.1089,50.0386,2023,104
Iran,36.1089,50.0386,2024,76
Iran,36.1089,50.0386,2025,58
Iran,36.3633,52.3677,2020,37
Iran,36.3633,52.3677,2021,93
Iran,36.3633,52.3677,2022,133
Iran,36.3633,52.3677,2023,125
Iran,36.3633,52.3677,2024,101
Iran,36.3633,52.3677,2025,84
Iran,36.4014,48.422,2020,21
Iran,36.4014,48.422,2021,41
Iran,36.4014,48.422,2022,65
Iran,36.4014,48.422,2023,55
Iran,36.4014,48.422,2024,67
Iran,36.4014,48.422,2025,56
Iran,37.2982,54.8804,2020,11
Iran,37.2982,54.8804,2021,32
Iran,37.2982,54.8804,2022,26
Iran,37.2982,54.8804,2023,40
Iran,37.2982,54.8804,2024,28
Iran,37.2982,54.8804,2025,29
Iran,37.4249,57.178,2020,17
Iran,37.4249,57.178,2021,34
Iran,37.4249,57.178,2022,43
Iran,37.4249,57.178,2023,45
Iran,37.4249,57.178,2024,28
Iran,37.4249,57.178,2025,20
Iran,37.5092,49.0189,2020,58
Iran,37.5092,49.0189,2021,100
Iran,37.5092,49.0189,2022,178
Iran,37.5092,49.0189,2023,150
Iran,37.5092,49.0189,2024,123
Iran,37.5092,49.0189,2025,163
Iran,37.8742,44.7003,2020,150
Iran,37.8742,44.7003,2021,128
Iran,37.8742,44.7003,2022,184
Iran,37.8742,44.7003,2023,135
Iran,37.8742,44.7003,2024,84
Iran,37.8742,44.7003,2025,73
Iran,38.0858,46.6924,2020,83
Iran,38.0858,46.6924,2021,152
Iran,38.0858,46.6924,2022,152
Iran,38.0858,46.6924,2023,108
Iran,38.0858,46.6924,2024,116
Iran,38.0858,46.6924,2025,123
Iran,38.4066,47.9857,2020,18
Iran,38.4066,47.9857,2021,46
Iran,38.4066,47.9857,2022,53
Iran,38.4066,47.9857,2023,94
Iran,38.4066,47.9857,2024,58
Iran,38.4066,47.9857,2025,32
Iraq,30.2047,47.5084,2020,534
Iraq,30.2047,47.5084,2021,439
Iraq,30.2047,47.5084,2022,352
Iraq,30.2047,47.5084,2023,301
Iraq,30.2047,47.5084,2024,368
Iraq,30.2047,47.5084,2025,424
Iraq,30.4107,45.3606,2020,250
Iraq,30.4107,45.3606,2021,203
Iraq,30.4107,45.3606,2022,208
Iraq,30.4107,45.3606,2023,149
Iraq,30.4107,45.3606,2024,191
Iraq,30.4107,45.3606,2025,166
Iraq,31.0697,43.38,2020,83
Iraq,31.0697,43.38,2021,55
Iraq,31.0697,43.38,2022,62
Iraq,31.0697,43.38,2023,55
Iraq,31.0697,43.38,2024,68
Iraq,31.0697,43.38,2025,84
Iraq,31.2876,46.2732,2020,517
Iraq,31.2876,46.2732,2021,597
Iraq,31.2876,46.2732,2022,334
Iraq,31.2876,46.2732,2023,265
Iraq,31.2876,46.2732,2024,215
Iraq,31.2876,46.2732,2025,102
Iraq,31.8451,45.1666,2020,273
Iraq,31.8451,45.1666,2021,175
Iraq,31.8451,45.1666,2022,28
Iraq,31.8451,45.1666,2023,23
Iraq,31.8451,45.1666,2024,60
Iraq,31.8451,45.1666,2025,110
Iraq,31.999,47.135,2020,123
Iraq,31.999,47.135,2021,232
Iraq,31.999,47.135,2022,251
Iraq,31.999,47.135,2023,253
Iraq,31.999,47.135,2024,216
Iraq,31.999,47.135,2025,226
Iraq,32.49,43.8069,2020,74
Iraq,32.49,43.8069,2021,56
Iraq,32.49,43.8069,2022,23
Iraq,32.49,43.8069,2023,19
Iraq,32.49,43.8069,2024,38
Iraq,32.49,43.8069,2025,29
Iraq,32.5765,44.6371,2020,107
Iraq,32.5765,44.6371,2021,116
Iraq,32.5765,44.6371,2022,75
Iraq,32.5765,44.6371,2023,36
Iraq,32.5765,44.6371,2024,91
Iraq,32.5765,44.6371,2025,74
Iraq,32.7059,45.704,2020,211
Iraq,32.7059,45.704,2021,126
Iraq,32.7059,45.704,2022,97
Iraq,32.7059,45.704,2023,46
Iraq,32.7059,45.704,2024,44
Iraq,32.7059,45.704,2025,59
Iraq,33.1774,41.3987,2020,255
Iraq,33.1774,41.3987,2021,414
Iraq,33.1774,41.3987,2022,229
Iraq,33.1774,41.3987,2023,289
Iraq,33.1774,41.3987,2024,441
Iraq,33.1774,41.3987,2025,380
Iraq,33.278,44.3783,2020,643
Iraq,33.278,44.3783,2021,629
Iraq,33.278,44.3783,2022,652
Iraq,33.278,44.3783,2023,560
Iraq,33.278,44.3783,2024,601
Iraq,33.278,44.3783,2025,344
Iraq,34.0711,44.8903,2020,606
Iraq,34.0711,44.8903,2021,692
Iraq,34.0711,44.8903,2022,397
Iraq,34.0711,44.8903,2023,175
Iraq,34.0711,44.8903,2024,205
Iraq,34.0711,44.8903,2025,116
Iraq,34.6687,43.6316,2020,383
Iraq,34.6687,43.6316,2021,457
Iraq,34.6687,43.6316,2022,260
Iraq,34.6687,43.6316,2023,137
Iraq,34.6687,43.6316,2024,136
Iraq,34.6687,43.6316,2025,118
Iraq,35.2858,44.0603,2020,356
Iraq,35.2858,44.0603,2021,533
Iraq,35.2858,44.0603,2022,348
Iraq,35.2858,44.0603,2023,193
Iraq,35.2858,44.0603,2024,200
Iraq,35.2858,44.0603,2025,159
Iraq,35.5263,45.379,2020,195
Iraq,35.5263,45.379,2021,236
Iraq,35.5263,45.379,2022,217
Iraq,35.5263,45.379,2023,252
Iraq,35.5263,45.379,2024,290
Iraq,35.5263,45.379,2025,213
Iraq,35.9879,42.3496,2020,265
Iraq,35.9879,42.3496,2021,403
Iraq,35.9879,42.3496,2022,390
Iraq,35.9879,42.3496,2023,283
Iraq,35.9879,42.3496,2024,537
Iraq,35.9879,42.3496,2025,258
Iraq,36.3791,44.2104,2020,421
Iraq,36.3791,44.2104,2021,357
Iraq,36.3791,44.2104,2022,516
Iraq,36.3791,44.2104,2023,792
Iraq,36.3791,44.2104,2024,1600
Iraq,36.3791,44.2104,2025,528
Iraq,37.0446,43.1386,2020,979
Iraq,37.0446,43.1386,2021,1967
Iraq,37.0446,43.1386,2022,3464
Iraq,37.0446,43.1386,2023,2724
Iraq,37.0446,43.1386,2024,4220
Iraq,37.0446,43.1386,2025,1455
Israel,25.4074,35.9101,2024,17
Israel,25.4074,35.9101,2025,103
Israel,30.6783,34.8831,2020,308
Israel,30.6783,34.8831,2021,282
Israel,30.6783,34.8831,2022,190
Israel,30.6783,34.8831,2023,996
Israel,30.6783,34.8831,2024,597
Israel,30.6783,34.8831,2025,352
Israel,31.7281,34.9945,2020,234
Israel,31.7281,34.9945,2021,243
Israel,31.7281,34.9945,2022,208
Israel,31.7281,34.9945,2023,278
Israel,31.7281,34.9945,2024,275
Israel,31.7281,34.9945,2025,261
Israel,32.085,34.9167,2020,350
Israel,32.085,34.9167,2021,297
Israel,32.085,34.9167,2022,205
Israel,32.085,34.9167,2023,900
Israel,32.085,34.9167,2024,416
Israel,32.085,34.9167,2025,303
Israel,32.0984,34.8103,2020,255
Israel,32.0984,34.8103,2021,230
Israel,32.0984,34.8103,2022,175
Israel,32.0984,34.8103,2023,611
Israel,32.0984,34.8103,2024,530
Israel,32.0984,34.8103,2025,365
Israel,32.6278,34.9819,2020,182
Israel,32.6278,34.9819,2021,210
Israel,32.6278,34.9819,2022,123
Israel,32.6278,34.9819,2023,413
Israel,32.6278,34.9819,2024,570
Israel,32.6278,34.9819,2025,220
Israel,32.839,35.3807,2020,251
Israel,32.839,35.3807,2021,281
Israel,32.839,35.3807,2022,141
Israel,32.839,35.3807,2023,1115
Israel,32.839,35.3807,2024,3467
Israel,32.839,35.3807,2025,333
Israel,33.8438,28.4103,2021,2
Israel,33.8438,28.4103,2022,1
Israel,33.8438,28.4103,2024,15
Israel,33.8438,28.4103,2025,6
Jordan,29.9747,35.2057,2020,9
Jordan,29.9747,35.2057,2021,15
Jordan,29.9747,35.2057,2022,19
Jordan,29.9747,35.2057,2023,26
Jordan,29.9747,35.2057,2024,17
Jordan,29.9747,35.2057,2025,5
Jordan,30.2431,36.501,2020,6
Jordan,30.2431,36.501,2021,21
Jordan,30.2431,36.501,2022,79
Jordan,30.2431,36.501,2023,23
Jordan,30.2431,36.501,2024,6
Jordan,30.2431,36.501,2025,1
Jordan,30.8097,35.6612,2020,5
Jordan,30.8097,35.6612,2021,17
Jordan,30.8097,35.6612,2022,38
Jordan,30.8097,35.6612,2023,10
Jordan,30.8097,35.6612,2024,14
Jordan,30.8097,35.6612,2025,2
Jordan,31.1106,35.8385,2020,28
Jordan,31.1106,35.8385,2021,22
Jordan,31.1106,35.8385,2022,35
Jordan,31.1106,35.8385,2023,29
Jordan,31.1106,35.8385,2024,34
Jordan,31.1106,35.8385,2025,6
Jordan,31.6029,35.6669,2020,16
Jordan,31.6029,35.6669,2021,32
Jordan,31.6029,35.6669,2022,33
Jordan,31.6029,35.6669,2023,13
Jordan,31.6029,35.6669,2024,6
Jordan,31.6029,35.6669,2025,1
Jordan,31.6696,36.3151,2020,165
Jordan,31.6696,36.3151,2021,183
Jordan,31.6696,36.3151,2022,176
Jordan,31.6696,36.3151,2023,192
Jordan,31.6696,36.3151,2024,145
Jordan,31.6696,36.3151,2025,47
Jordan,31.8608,36.8739,2020,37
Jordan,31.8608,36.8739,2021,25
Jordan,31.8608,36.8739,2022,23
Jordan,31.8608,36.8739,2023,36
Jordan,31.8608,36.8739,2024,20
Jordan,31.8608,36.8739,2025,3
Jordan,31.9393,35.6476,2020,9
Jordan,31.9393,35.6476,2021,18
Jordan,31.9393,35.6476,2022,17
Jordan,31.9393,35.6476,2023,19
Jordan,31.9393,35.6476,2024,6
Jordan,31.9393,35.6476,2025,2
Jordan,32.2431,35.9005,2020,5
Jordan,32.2431,35.9005,2021,6
Jordan,32.2431,35.9005,2022,11
Jordan,32.2431,35.9005,2023,6
Jordan,32.2431,35.9005,2024,1
Jordan,32.2431,35.9005,2025,1
Jordan,32.2912,35.7319,2020,8
Jordan,32.2912,35.7319,2021,5
Jordan,32.2912,35.7319,2022,3
Jordan,32.2912,35.7319,2023,3
Jordan,32.2912,35.7319,2024,4
Jordan,32.2912,35.7319,2025,1
Jordan,32.4735,35.8353,2020,76
Jordan,32.4735,35.8353,2021,51
Jordan,32.4735,35.8353,2022,27
Jordan,32.4735,35.8353,2023,92
Jordan,32.4735,35.8353,2024,63
Jordan,32.4735,35.8353,2025,15
Jordan,32.5408,38.1525,2020,13
Jordan,32.5408,38.1525,2021,9
Jordan,32.5408,38.1525,2022,5
Jordan,32.5408,38.1525,2023,14
Jordan,32.5408,38.1525,2024,7
Jordan,32.5408,38.1525,2025,4
Kuwait,28.8688,47.9227,2020,1
Kuwait,28.8688,47.9227,2021,1
Kuwait,29.2228,48.0509,2020,1
Kuwait,29.2476,47.9119,2023,2
Kuwait,29.2476,47.9119,2024,1
Kuwait,29.3474,47.9688,2020,19
Kuwait,29.3474,47.9688,2021,14
Kuwait,29.3474,47.9688,2022,16
Kuwait,29.3474,47.9688,2023,16
Kuwait,29.3474,47.9688,2024,8
Kuwait,29.4988,47.3671,2022,7
Lebanon,33.2832,35.4971,2020,162
Lebanon,33.2832,35.4971,2021,182
Lebanon,33.2832,35.4971,2022,95
Lebanon,33.2832,35.4971,2023,1495
Lebanon,33.2832,35.4971,2024,8020
Lebanon,33.2832,35.4971,2025,1651
Lebanon,33.3416,35.3035,2020,335
Lebanon,33.3416,35.3035,2021,482
Lebanon,33.3416,35.3035,2022,197
Lebanon,33.3416,35.3035,2023,974
Lebanon,33.3416,35.3035,2024,4659
Lebanon,33.3416,35.3035,2025,573
Lebanon,33.6407,35.8097,2020,334
Lebanon,33.6407,35.8097,2021,330
Lebanon,33.6407,35.8097,2022,85
Lebanon,33.6407,35.8097,2023,57
Lebanon,33.6407,35.8097,2024,308
Lebanon,33.6407,35.8097,2025,103
Lebanon,33.8513,35.6478,2020,483
Lebanon,33.8513,35.6478,2021,623
Lebanon,33.8513,35.6478,2022,199
Lebanon,33.8513,35.6478,2023,208
Lebanon,33.8513,35.6478,2024,476
Lebanon,33.8513,35.6478,2025,113
Lebanon,33.8886,35.5016,2020,669
Lebanon,33.8886,35.5016,2021,534
Lebanon,33.8886,35.5016,2022,296
Lebanon,33.8886,35.5016,2023,282
Lebanon,33.8886,35.5016,2024,162
Lebanon,33.8886,35.5016,2025,100
Lebanon,34.1673,36.2993,2020,161
Lebanon,34.1673,36.2993,2021,179
Lebanon,34.1673,36.2993,2022,98
Lebanon,34.1673,36.2993,2023,94
Lebanon,34.1673,36.2993,2024,784
Lebanon,34.1673,36.2993,2025,316
Lebanon,34.3195,35.9369,2020,576
Lebanon,34.3195,35.9369,2021,650
Lebanon,34.3195,35.9369,2022,251
Lebanon,34.3195,35.9369,2023,204
Lebanon,34.3195,35.9369,2024,75
Lebanon,34.3195,35.9369,2025,121
Lebanon,34.5499,36.1901,2020,211
Lebanon,34.5499,36.1901,2021,230
Lebanon,34.5499,36.1901,2022,89
Lebanon,34.5499,36.1901,2023,84
Lebanon,34.5499,36.1901,2024,47
Lebanon,34.5499,36.1901,2025,64
Oman,12.1336,62.3764,2023,1
Oman,18.8597,54.5566,2021,3
Oman,18.8597,54.5566,2024,2
Oman,18.8597,54.5566,2025,1
Oman,21.7224,58.5473,2023,1
Oman,22.1156,59.5208,2021,4
Oman,22.3885,57.2237,2021,3
Oman,22.3885,57.2237,2023,1
Oman,23.0064,55.9877,2021,3
Oman,23.0064,55.9877,2022,1
Oman,23.2501,58.7601,2020,5
Oman,23.2501,58.7601,2021,1
Oman,23.2501,58.7601,2023,4
Oman,23.2501,58.7601,2024,3
Oman,23.4831,57.6494,2021,3
Oman,24.2357,56.5739,2021,4
Oman,24.2357,56.5739,2023,1
Oman,24.3297,56.0538,2024,1
Oman,24.5876,58.5161,2022,7
Oman,24.5876,58.5161,2023,2
Oman,25.9953,56.303,2022,1
Oman,26.6719,56.4867,2020,1
Oman,26.6719,56.4867,2023,2
Oman,27.0645,51.452,2023,3
Palestine,31.407,34.3577,2020,1323
Palestine,31.407,34.3577,2021,1265
Palestine,31.407,34.3577,2022,1419
Palestine,31.407,34.3577,2023,4513
Palestine,31.407,34.3577,2024,12687
Palestine,31.407,34.3577,2025,8298
Palestine,31.9475,35.267,2020,3418
Palestine,31.9475,35.267,2021,4859
Palestine,31.9475,35.267,2022,6496
Palestine,31.9475,35.267,2023,8682
Palestine,31.9475,35.267,2024,8313
Palestine,31.9475,35.267,2025,7153
Qatar,24.931,50.9784,2021,4
Qatar,24.931,50.9784,2022,2
Qatar,24.931,50.9784,2023,4
Qatar,24.931,50.9784,2025,2
Qatar,25.2934,51.5014,2020,4
Qatar,25.2934,51.5014,2021,9
Qatar,25.2934,51.5014,2022,6
Qatar,25.2934,51.5014,2023,16
Qatar,25.2934,51.5014,2025,2
Qatar,25.4451,51.0111,2022,2
Qatar,25.4782,51.3371,2021,3
Qatar,25.7618,51.3405,2021,3
Qatar,26.0015,51.2173,2020,2
Qatar,26.4465,51.0016,2020,1
Saudi Arabia,17.353,42.7999,2020,33
Saudi Arabia,17.353,42.7999,2021,48
Saudi Arabia,17.353,42.7999,2022,19
Saudi Arabia,17.353,42.7999,2023,5
Saudi Arabia,17.353,42.7999,2024,1
Saudi Arabia,17.353,42.7999,2025,5
Saudi Arabia,18.2376,45.6117,2020,31
Saudi Arabia,18.2376,45.6117,2021,32
Saudi Arabia,18.2376,45.6117,2022,9
Saudi Arabia,18.2376,45.6117,2023,4
Saudi Arabia,18.2376,45.6117,2024,2
Saudi Arabia,18.2376,45.6117,2025,11
Saudi Arabia,18.7938,39.9069,2023,1
Saudi Arabia,19.2036,42.9532,2020,27
Saudi Arabia,19.2036,42.9532,2021,121
Saudi Arabia,19.2036,42.9532,2022,13
Saudi Arabia,19.2036,42.9532,2023,2
Saudi Arabia,21.0317,41.4478,2020,9
Saudi Arabia,21.0317,41.4478,2021,15
Saudi Arabia,21.0317,41.4478,2022,8
Saudi Arabia,21.0317,41.4478,2023,3
Saudi Arabia,23.1567,50.3153,2020,2
Saudi Arabia,23.1567,50.3153,2021,8
Saudi Arabia,23.1567,50.3153,2022,4
Saudi Arabia,23.1567,50.3153,2023,1
Saudi Arabia,23.4556,45.232,2020,14
Saudi Arabia,23.4556,45.232,2021,12
Saudi Arabia,23.4556,45.232,2022,8
Saudi Arabia,23.4556,45.232,2023,4
Saudi Arabia,23.4556,45.232,2024,2
Saudi Arabia,23.4556,45.232,2025,2
Saudi Arabia,25.0041,39.9162,2020,2
Saudi Arabia,25.0041,39.9162,2021,3
Saudi Arabia,25.0041,39.9162,2022,2
Saudi Arabia,25.0041,39.9162,2023,1
Saudi Arabia,25.4074,35.9101,2021,1
Saudi Arabia,25.4074,35.9101,2023,1
Saudi Arabia,26.2766,43.325,2021,1
Saudi Arabia,27.0911,41.45,2023,1
Saudi Arabia,27.2704,38.9507,2020,2
Saudi Arabia,27.2704,38.9507,2023,1
Syria,32.7624,36.8919,2020,130
Syria,32.7624,36.8919,2021,82
Syria,32.7624,36.8919,2022,121
Syria,32.7624,36.8919,2023,684
Syria,32.7624,36.8919,2024,513
Syria,32.7624,36.8919,2025,514
Syria,32.831,36.1112,2020,888
Syria,32.831,36.1112,2021,900
Syria,32.831,36.1112,2022,785
Syria,32.831,36.1112,2023,893
Syria,32.831,36.1112,2024,872
Syria,32.831,36.1112,2025,645
Syria,33.0113,35.7989,2020,57
Syria,33.0113,35.7989,2021,65
Syria,33.0113,35.7989,2022,37
Syria,33.0113,35.7989,2023,158
Syria,33.0113,35.7989,2024,914
Syria,33.0113,35.7989,2025,547
Syria,33.4538,37.4305,2020,214
Syria,33.4538,37.4305,2021,162
Syria,33.4538,37.4305,2022,259
Syria,33.4538,37.4305,2023,322
Syria,33.4538,37.4305,2024,374
Syria,33.4538,37.4305,2025,405
Syria,33.5153,36.2738,2020,44
Syria,33.5153,36.2738,2021,26
Syria,33.5153,36.2738,2022,33
Syria,33.5153,36.2738,2023,65
Syria,33.5153,36.2738,2024,100
Syria,33.5153,36.2738,2025,237
Syria,34.4708,38.2063,2020,133
Syria,34.4708,38.2063,2021,220
Syria,34.4708,38.2063,2022,252
Syria,34.4708,38.2063,2023,300
Syria,34.4708,38.2063,2024,676
Syria,34.4708,38.2063,2025,716
Syria,34.9536,36.075,2020,2
Syria,34.9536,36.075,2021,8
Syria,34.9536,36.075,2022,6
Syria,34.9536,36.075,2023,9
Syria,34.9536,36.075,2024,43
Syria,34.9536,36.075,2025,229
Syria,35.2318,40.2761,2020,1239
Syria,35.2318,40.2761,2021,1323
Syria,35.2318,40.2761,2022,1257
Syria,35.2318,40.2761,2023,2221
Syria,35.2318,40.2761,2024,2511
Syria,35.2318,40.2761,2025,1285
Syria,35.3165,37.3411,2020,741
Syria,35.3165,37.3411,2021,918
Syria,35.3165,37.3411,2022,529
Syria,35.3165,37.3411,2023,612
Syria,35.3165,37.3411,2024,664
Syria,35.3165,37.3411,2025,428
Syria,35.5854,35.9916,2020,190
Syria,35.5854,35.9916,2021,138
Syria,35.5854,35.9916,2022,227
Syria,35.5854,35.9916,2023,347
Syria,35.5854,35.9916,2024,405
Syria,35.5854,35.9916,2025,445
Syria,35.8547,36.5648,2020,3830
Syria,35.8547,36.5648,2021,2183
Syria,35.8547,36.5648,2022,2042
Syria,35.8547,36.5648,2023,2370
Syria,35.8547,36.5648,2024,2697
Syria,35.8547,36.5648,2025,231
Syria,36.0265,38.922,2020,1123
Syria,36.0265,38.922,2021,1221
Syria,36.0265,38.922,2022,1357
Syria,36.0265,38.922,2023,692
Syria,36.0265,38.922,2024,800
Syria,36.0265,38.922,2025,573
Syria,36.1445,37.3978,2020,2200
Syria,36.1445,37.3978,2021,2018
Syria,36.1445,37.3978,2022,3641
Syria,36.1445,37.3978,2023,2922
Syria,36.1445,37.3978,2024,4057
Syria,36.1445,37.3978,2025,1398
Syria,36.4131,40.5519,2020,1575
Syria,36.4131,40.5519,2021,1537
Syria,36.4131,40.5519,2022,2075
Syria,36.4131,40.5519,2023,1215
Syria,36.4131,40.5519,2024,1190
Syria,36.4131,40.5519,2025,754
Turkey,36.4111,36.2273,2020,41
Turkey,36.4111,36.2273,2021,74
Turkey,36.4111,36.2273,2022,75
Turkey,36.4111,36.2273,2023,112
Turkey,36.4111,36.2273,2024,101
Turkey,36.4111,36.2273,2025,100
Turkey,36.7331,33.7591,2020,85
Turkey,36.7331,33.7591,2021,139
Turkey,36.7331,33.7591,2022,167
Turkey,36.7331,33.7591,2023,120
Turkey,36.7331,33.7591,2024,168
Turkey,36.7331,33.7591,2025,158
Turkey,36.7628,31.9301,2020,53
Turkey,36.7628,31.9301,2021,108
Turkey,36.7628,31.9301,2022,107
Turkey,36.7628,31.9301,2023,98
Turkey,36.7628,31.9301,2024,100
Turkey,36.7628,31.9301,2025,84
Turkey,36.8316,37.0107,2020,5
Turkey,36.8316,37.0107,2021,5
Turkey,36.8316,37.0107,2022,11
Turkey,36.8316,37.0107,2023,14
Turkey,36.8316,37.0107,2024,7
Turkey,36.8316,37.0107,2025,3
Turkey,36.946,28.646,2020,54
Turkey,36.946,28.646,2021,97
Turkey,36.946,28.646,2022,220
Turkey,36.946,28.646,2023,276
Turkey,36.946,28.646,2024,237
Turkey,36.946,28.646,2025,115
Turkey,37.0098,33.1805,2020,11
Turkey,37.0098,33.1805,2022,2
Turkey,37.0098,33.1805,2023,8
Turkey,37.0098,33.1805,2024,4
Turkey,37.0098,33.1805,2025,4
Turkey,37.1146,37.2439,2020,25
Turkey,37.1146,37.2439,2021,58
Turkey,37.1146,37.2439,2022,49
Turkey,37.1146,37.2439,2023,68
Turkey,37.1146,37.2439,2024,70
Turkey,37.1146,37.2439,2025,62
Turkey,37.3257,40.7757,2020,73
Turkey,37.3257,40.7757,2021,132
Turkey,37.3257,40.7757,2022,97
Turkey,37.3257,40.7757,2023,100
Turkey,37.3257,40.7757,2024,195
Turkey,37.3257,40.7757,2025,64
Turkey,37.326,30.2481,2020,4
Turkey,37.326,30.2481,2021,4
Turkey,37.326,30.2481,2022,9
Turkey,37.326,30.2481,2023,9
Turkey,37.326,30.2481,2024,10
Turkey,37.326,30.2481,2025,3
Turkey,37.3416,36.2986,2020,11
Turkey,37.3416,36.2986,2021,30
Turkey,37.3416,36.2986,2022,13
Turkey,37.3416,36.2986,2023,4
Turkey,37.3416,36.2986,2024,13
Turkey,37.3416,36.2986,2025,13
Turkey,37.3442,38.9233,2020,51
Turkey,37.3442,38.9233,2021,72
Turkey,37.3442,38.9233,2022,100
Turkey,37.3442,38.9233,2023,132
Turkey,37.3442,38.9233,2024,190
Turkey,37.3442,38.9233,2025,97
Turkey,37.3909,43.9965,2020,188
Turkey,37.3909,43.9965,2021,172
Turkey,37.3909,43.9965,2022,154
Turkey,37.3909,43.9965,2023,75
Turkey,37.3909,43.9965,2024,185
Turkey,37.3909,43.9965,2025,63
Turkey,37.4379,42.5882,2020,147
Turkey,37.4379,42.5882,2021,146
Turkey,37.4379,42.5882,2022,142
Turkey,37.4379,42.5882,2023,142
Turkey,37.4379,42.5882,2024,217
Turkey,37.4379,42.5882,2025,86
Turkey,37.4745,35.3726,2020,105
Turkey,37.4745,35.3726,2021,136
Turkey,37.4745,35.3726,2022,185
Turkey,37.4745,35.3726,2023,181
Turkey,37.4745,35.3726,2024,217
Turkey,37.4745,35.3726,2025,143
Turkey,37.6788,29.2458,2020,26
Turkey,37.6788,29.2458,2021,37
Turkey,37.6788,29.2458,2022,30
Turkey,37.6788,29.2458,2023,74
Turkey,37.6788,29.2458,2024,62
Turkey,37.6788,29.2458,2025,50
Turkey,37.7322,28.0578,2020,47
Turkey,37.7322,28.0578,2021,29
Turkey,37.7322,28.0578,2022,80
Turkey,37.7322,28.0578,2023,91
Turkey,37.7322,28.0578,2024,56
Turkey,37.7322,28.0578,2025,69
Turkey,37.815,38.2092,2020,16
Turkey,37.815,38.2092,2021,26
Turkey,37.815,38.2092,2022,36
Turkey,37.815,38.2092,2023,35
Turkey,37.815,38.2092,2024,44
Turkey,37.815,38.2092,2025,30
Turkey,37.8547,34.7331,2020,5
Turkey,37.8547,34.7331,2021,6
Turkey,37.8547,34.7331,2022,2
Turkey,37.8547,34.7331,2023,10
Turkey,37.8547,34.7331,2024,14
Turkey,37.8547,34.7331,2025,8
Turkey,37.8852,36.8854,2020,5
Turkey,37.8852,36.8854,2021,13
Turkey,37.8852,36.8854,2022,10
Turkey,37.8852,36.8854,2023,30
Turkey,37.8852,36.8854,2024,29
Turkey,37.8852,36.8854,2025,8
Turkey,37.9278,42.0911,2020,56
Turkey,37.9278,42.0911,2021,43
Turkey,37.9278,42.0911,2022,41
Turkey,37.9278,42.0911,2023,41
Turkey,37.9278,42.0911,2024,87
Turkey,37.9278,42.0911,2025,30
Turkey,37.9293,30.8094,2020,8
Turkey,37.9293,30.8094,2022,3
Turkey,37.9293,30.8094,2023,6
Turkey,37.9293,30.8094,2024,10
Turkey,37.9293,30.8094,2025,3
Turkey,38.0226,41.3125,2020,74
Turkey,38.0226,41.3125,2021,86
Turkey,38.0226,41.3125,2022,108
Turkey,38.0226,41.3125,2023,106
Turkey,38.0226,41.3125,2024,200
Turkey,38.0226,41.3125,2025,109
Turkey,38.0284,32.412,2020,24
Turkey,38.0284,32.412,2021,36
Turkey,38.0284,32.412,2022,26
Turkey,38.0284,32.412,2023,25
Turkey,38.0284,32.412,2024,43
Turkey,38.0284,32.412,2025,23
Turkey,38.1105,40.2245,2020,626
Turkey,38.1105,40.2245,2021,327
Turkey,38.1105,40.2245,2022,487
Turkey,38.1105,40.2245,2023,275
Turkey,38.1105,40.2245,2024,407
Turkey,38.1105,40.2245,2025,223
Turkey,38.4969,42.2274,2020,98
Turkey,38.4969,42.2274,2021,81
Turkey,38.4969,42.2274,2022,32
Turkey,38.4969,42.2274,2023,49
Turkey,38.4969,42.2274,2024,58
Turkey,38.4969,42.2274,2025,10
Turkey,38.5057,35.9186,2020,8
Turkey,38.5057,35.9186,2021,14
Turkey,38.5057,35.9186,2022,10
Turkey,38.5057,35.9186,2023,49
Turkey,38.5057,35.9186,2024,57
Turkey,38.5057,35.9186,2025,42
Turkey,38.5104,37.8439,2020,12
Turkey,38.5104,37.8439,2021,17
Turkey,38.5104,37.8439,2022,24
Turkey,38.5104,37.8439,2023,29
Turkey,38.5104,37.8439,2024,44
Turkey,38.5104,37.8439,2025,48
Turkey,38.5127,33.8656,2020,1
Turkey,38.5127,33.8656,2021,3
Turkey,38.5127,33.8656,2022,4
Turkey,38.5127,33.8656,2023,5
Turkey,38.5127,33.8656,2024,3
Turkey,38.5127,33.8656,2025,5
Turkey,38.5248,30.6111,2020,9
Turkey,38.5248,30.6111,2021,14
Turkey,38.5248,30.6111,2022,5
Turkey,38.5248,30.6111,2023,10
Turkey,38.5248,30.6111,2024,14
Turkey,38.5248,30.6111,2025,9
Turkey,38.5455,43.5949,2020,197
Turkey,38.5455,43.5949,2021,184
Turkey,38.5455,43.5949,2022,236
Turkey,38.5455,43.5949,2023,147
Turkey,38.5455,43.5949,2024,215
Turkey,38.5455,43.5949,2025,154
Turkey,38.5491,29.3243,2020,2
Turkey,38.5491,29.3243,2021,8
Turkey,38.5491,29.3243,2022,7
Turkey,38.5491,29.3243,2023,15
Turkey,38.5491,29.3243,2024,11
Turkey,38.5491,29.3243,2025,6
Turkey,38.5994,27.042,2020,270
Turkey,38.5994,27.042,2021,451
Turkey,38.5994,27.042,2022,667
Turkey,38.5994,27.042,2023,668
Turkey,38.5994,27.042,2024,684
Turkey,38.5994,27.042,2025,568
Turkey,38.7101,39.3439,2020,13
Turkey,38.7101,39.3439,2021,9
Turkey,38.7101,39.3439,2022,20
Turkey,38.7101,39.3439,2023,19
Turkey,38.7101,39.3439,2024,42
Turkey,38.7101,39.3439,2025,30
Turkey,38.7462,28.0939,2020,36
Turkey,38.7462,28.0939,2021,46
Turkey,38.7462,28.0939,2022,37
Turkey,38.7462,28.0939,2023,37
Turkey,38.7462,28.0939,2024,60
Turkey,38.7462,28.0939,2025,25
Turkey,38.8286,34.6035,2020,4
Turkey,38.8286,34.6035,2021,3
Turkey,38.8286,34.6035,2022,2
Turkey,38.8286,34.6035,2023,8
Turkey,38.8286,34.6035,2024,9
Turkey,38.8286,34.6035,2025,5
Turkey,39.009,41.9466,2020,25
Turkey,39.009,41.9466,2021,59
Turkey,39.009,41.9466,2022,65
Turkey,39.009,41.9466,2023,58
Turkey,39.009,41.9466,2024,51
Turkey,39.009,41.9466,2025,13
Turkey,39.0247,40.718,2020,20
Turkey,39.0247,40.718,2021,27
Turkey,39.0247,40.718,2022,23
Turkey,39.0247,40.718,2023,26
Turkey,39.0247,40.718,2024,36
Turkey,39.0247,40.718,2025,10
Turkey,39.1892,39.347,2020,79
Turkey,39.1892,39.347,2021,102
Turkey,39.1892,39.347,2022,124
Turkey,39.1892,39.347,2023,75
Turkey,39.1892,39.347,2024,96
Turkey,39.1892,39.347,2025,76
Turkey,39.3091,34.0422,2020,3
Turkey,39.3091,34.0422,2021,2
Turkey,39.3091,34.0422,2022,4
Turkey,39.3091,34.0422,2023,14
Turkey,39.3091,34.0422,2024,6
Turkey,39.3091,34.0422,2025,7
Turkey,39.3321,29.606,2020,4
Turkey,39.3321,29.606,2021,5
Turkey,39.3321,29.606,2022,8
Turkey,39.3321,29.606,2023,22
Turkey,39.3321,29.606,2024,23
Turkey,39.3321,29.606,2025,7
Turkey,39.466,43.4673,2020,41
Turkey,39.466,43.4673,2021,39
Turkey,39.466,43.4673,2022,40
Turkey,39.466,43.4673,2023,47
Turkey,39.466,43.4673,2024,50
Turkey,39.466,43.4673,2025,19
Turkey,39.5452,39.043,2020,4
Turkey,39.5452,39.043,2021,6
Turkey,39.5452,39.043,2022,4
Turkey,39.5452,39.043,2023,19
Turkey,39.5452,39.043,2024,13
Turkey,39.5452,39.043,2025,14
Turkey,39.5473,37.2125,2020,5
Turkey,39.5473,37.2125,2021,10
Turkey,39.5473,37.2125,2022,12
Turkey,39.5473,37.2125,2023,20
Turkey,39.5473,37.2125,2024,27
Turkey,39.5473,37.2125,2025,24
Turkey,39.6143,31.0627,2020,15
Turkey,39.6143,31.0627,2021,32
Turkey,39.6143,31.0627,2022,64
Turkey,39.6143,31.0627,2023,89
Turkey,39.6143,31.0627,2024,90
Turkey,39.6143,31.0627,2025,106
Turkey,39.6218,35.2999,2020,2
Turkey,39.6218,35.2999,2021,1
Turkey,39.6218,35.2999,2022,2
Turkey,39.6218,35.2999,2023,4
Turkey,39.6218,35.2999,2024,9
Turkey,39.6218,35.2999,2025,10
Turkey,39.7073,32.5011,2020,440
Turkey,39.7073,32.5011,2021,249
Turkey,39.7073,32.5011,2022,522
Turkey,39.7073,32.5011,2023,451
Turkey,39.7073,32.5011,2024,617
Turkey,39.7073,32.5011,2025,502
Turkey,39.8038,27.9824,2020,39
Turkey,39.8038,27.9824,2021,44
Turkey,39.8038,27.9824,2022,31
Turkey,39.8038,27.9824,2023,88
Turkey,39.8038,27.9824,2024,98
Turkey,39.8038,27.9824,2025,64
Turkey,39.8662,33.6922,2020,4
Turkey,39.8662,33.6922,2021,6
Turkey,39.8662,33.6922,2022,6
Turkey,39.8662,33.6922,2023,5
Turkey,39.8662,33.6922,2024,7
Turkey,39.8662,33.6922,2025,4
Turkey,39.8813,43.9762,2020,15
Turkey,39.8813,43.9762,2021,11
Turkey,39.8813,43.9762,2022,7
Turkey,39.8813,43.9762,2023,13
Turkey,39.8813,43.9762,2024,29
Turkey,39.8813,43.9762,2025,10
Turkey,39.9635,26.8428,2020,21
Turkey,39.9635,26.8428,2021,27
Turkey,39.9635,26.8428,2022,34
Turkey,39.9635,26.8428,2023,143
Turkey,39.9635,26.8428,2024,100
Turkey,39.9635,26.8428,2025,40
Turkey,40.0725,41.4751,2020,10
Turkey,40.0725,41.4751,2021,7
Turkey,40.0725,41.4751,2022,9
Turkey,40.0725,41.4751,2023,29
Turkey,40.0725,41.4751,2024,83
Turkey,40.0725,41.4751,2025,24
Turkey,40.1017,28.9389,2020,56
Turkey,40.1017,28.9389,2021,82
Turkey,40.1017,28.9389,2022,79
Turkey,40.1017,28.9389,2023,130
Turkey,40.1017,28.9389,2024,163
Turkey,40.1017,28.9389,2025,110
Turkey,40.1112,30.1285,2020,5
Turkey,40.1112,30.1285,2021,4
Turkey,40.1112,30.1285,2022,7
Turkey,40.1112,30.1285,2023,18
Turkey,40.1112,30.1285,2024,11
Turkey,40.1112,30.1285,2025,3
Turkey,40.2477,40.2223,2020,2
Turkey,40.2477,40.2223,2021,4
Turkey,40.2477,40.2223,2023,3
Turkey,40.2477,40.2223,2024,10
Turkey,40.2477,40.2223,2025,4
Turkey,40.3376,39.4286,2021,2
Turkey,40.3376,39.4286,2022,2
Turkey,40.3376,39.4286,2023,7
Turkey,40.3376,39.4286,2024,10
Turkey,40.3376,39.4286,2025,3
Turkey,40.4006,36.6865,2020,2
Turkey,40.4006,36.6865,2021,5
Turkey,40.4006,36.6865,2022,3
Turkey,40.4006,36.6865,2023,6
Turkey,40.4006,36.6865,2024,12
Turkey,40.4006,36.6865,2025,10
Turkey,40.5157,43.0403,2020,15
Turkey,40.5157,43.0403,2021,4
Turkey,40.5157,43.0403,2022,9
Turkey,40.5157,43.0403,2023,18
Turkey,40.5157,43.0403,2024,32
Turkey,40.5157,43.0403,2025,14
Turkey,40.5664,38.4409,2020,3
Turkey,40.5664,38.4409,2021,9
Turkey,40.5664,38.4409,2022,14
Turkey,40.5664,38.4409,2023,8
Turkey,40.5664,38.4409,2024,22
Turkey,40.5664,38.4409,2025,14
Turkey,40.5731,31.59,2020,3
Turkey,40.5731,31.59,2021,14
Turkey,40.5731,31.59,2022,11
Turkey,40.5731,31.59,2023,12
Turkey,40.5731,31.59,2024,21
Turkey,40.5731,31.59,2025,20
Turkey,40.5992,29.2123,2020,2
Turkey,40.5992,29.2123,2021,4
Turkey,40.5992,29.2123,2022,3
Turkey,40.5992,29.2123,2023,13
Turkey,40.5992,29.2123,2024,12
Turkey,40.5992,29.2123,2025,2
Turkey,40.646,34.7294,2020,10
Turkey,40.646,34.7294,2021,8
Turkey,40.646,34.7294,2022,2
Turkey,40.646,34.7294,2023,22
Turkey,40.646,34.7294,2024,23
Turkey,40.646,34.7294,2025,20
Turkey,40.6554,35.8544,2020,9
Turkey,40.6554,35.8544,2021,6
Turkey,40.6554,35.8544,2022,4
Turkey,40.6554,35.8544,2023,11
Turkey,40.6554,35.8544,2024,21
Turkey,40.6554,35.8544,2025,16
Turkey,40.6726,33.4398,2020,1
Turkey,40.6726,33.4398,2022,1
Turkey,40.6726,33.4398,2023,6
Turkey,40.6726,33.4398,2024,6
Turkey,40.6726,33.4398,2025,3
Turkey,40.7353,30.5722,2020,24
Turkey,40.7353,30.5722,2021,33
Turkey,40.7353,30.5722,2022,21
Turkey,40.7353,30.5722,2023,22
Turkey,40.7353,30.5722,2024,36
Turkey,40.7353,30.5722,2025,15
Turkey,40.738,37.411,2020,11
Turkey,40.738,37.411,2021,13
Turkey,40.738,37.411,2022,9
Turkey,40.738,37.411,2023,18
Turkey,40.738,37.411,2024,26
Turkey,40.738,37.411,2025,20
Turkey,40.8094,39.7814,2020,1
Turkey,40.8094,39.7814,2021,13
Turkey,40.8094,39.7814,2022,22
Turkey,40.8094,39.7814,2023,31
Turkey,40.8094,39.7814,2024,44
Turkey,40.8094,39.7814,2025,27
Turkey,40.8687,31.2116,2020,2
Turkey,40.8687,31.2116,2021,11
Turkey,40.8687,31.2116,2022,7
Turkey,40.8687,31.2116,2023,19
Turkey,40.8687,31.2116,2024,19
Turkey,40.8687,31.2116,2025,8
Turkey,40.8691,29.8208,2020,66
Turkey,40.8691,29.8208,2021,79
Turkey,40.8691,29.8208,2022,82
Turkey,40.8691,29.8208,2023,128
Turkey,40.8691,29.8208,2024,131
Turkey,40.8691,29.8208,2025,120
Turkey,40.9104,40.817,2020,4
Turkey,40.9104,40.817,2021,32
Turkey,40.9104,40.817,2022,21
Turkey,40.9104,40.817,2023,17
Turkey,40.9104,40.817,2024,23
Turkey,40.9104,40.817,2025,20
Turkey,41.0385,41.8484,2020,3
Turkey,41.0385,41.8484,2021,20
Turkey,41.0385,41.8484,2022,13
Turkey,41.0385,41.8484,2023,20
Turkey,41.0385,41.8484,2024,33
Turkey,41.0385,41.8484,2025,43
Turkey,41.0734,27.3901,2020,31
Turkey,41.0734,27.3901,2021,47
Turkey,41.0734,27.3901,2022,26
Turkey,41.0734,27.3901,2023,29
Turkey,41.0734,27.3901,2024,31
Turkey,41.0734,27.3901,2025,25
Turkey,41.1153,42.9326,2020,2
Turkey,41.1153,42.9326,2021,5
Turkey,41.1153,42.9326,2022,4
Turkey,41.1153,42.9326,2023,9
Turkey,41.1153,42.9326,2024,5
Turkey,41.2036,32.5224,2020,4
Turkey,41.2036,32.5224,2021,3
Turkey,41.2036,32.5224,2022,4
Turkey,41.2036,32.5224,2023,11
Turkey,41.2036,32.5224,2024,13
Turkey,41.2036,32.5224,2025,4
Turkey,41.2707,28.4707,2020,848
Turkey,41.2707,28.4707,2021,1024
Turkey,41.2707,28.4707,2022,1028
Turkey,41.2707,28.4707,2023,1105
Turkey,41.2707,28.4707,2024,1138
Turkey,41.2707,28.4707,2025,758
Turkey,41.2783,35.8756,2020,16
Turkey,41.2783,35.8756,2021,35
Turkey,41.2783,35.8756,2022,32
Turkey,41.2783,35.8756,2023,74
Turkey,41.2783,35.8756,2024,60
Turkey,41.2783,35.8756,2025,68
Turkey,41.2961,26.6957,2020,14
Turkey,41.2961,26.6957,2021,15
Turkey,41.2961,26.6957,2022,24
Turkey,41.2961,26.6957,2023,63
Turkey,41.2961,26.6957,2024,59
Turkey,41.2961,26.6957,2025,25
Turkey,41.2978,31.8293,2020,5
Turkey,41.2978,31.8293,2021,12
Turkey,41.2978,31.8293,2022,3
Turkey,41.2978,31.8293,2023,16
Turkey,41.2978,31.8293,2024,31
Turkey,41.2978,31.8293,2025,20
Turkey,41.4214,33.7891,2020,1
Turkey,41.4214,33.7891,2021,4
Turkey,41.4214,33.7891,2022,6
Turkey,41.4214,33.7891,2023,14
Turkey,41.4214,33.7891,2024,6
Turkey,41.4214,33.7891,2025,2
Turkey,41.571,32.4886,2021,2
Turkey,41.571,32.4886,2022,6
Turkey,41.571,32.4886,2023,9
Turkey,41.571,32.4886,2024,9
Turkey,41.571,32.4886,2025,1
Turkey,41.6486,34.992,2020,4
Turkey,41.6486,34.992,2021,2
Turkey,41.6486,34.992,2022,9
Turkey,41.6486,34.992,2023,6
Turkey,41.6486,34.992,2024,6
Turkey,41.6486,34.992,2025,15
Turkey,41.6597,27.5054,2020,7
Turkey,41.6597,27.5054,2021,16
Turkey,41.6597,27.5054,2022,35
Turkey,41.6597,27.5054,2023,57
Turkey,41.6597,27.5054,2024,24
Turkey,41.6597,27.5054,2025,5
Turkey,41.7313,28.1176,2022,1
United Arab Emirates,23.7727,53.7133,2020,2
United Arab Emirates,23.7727,53.7133,2021,3
United Arab Emirates,23.7727,53.7133,2022,19
United Arab Emirates,23.7727,53.7133,2023,2
United Arab Emirates,23.7727,53.7133,2025,2
United Arab Emirates,24.9904,55.3711,2020,1
United Arab Emirates,24.9904,55.3711,2022,4
United Arab Emirates,24.9904,55.3711,2023,2
United Arab Emirates,24.9904,55.3711,2024,2
United Arab Emirates,24.9904,55.3711,2025,1
United Arab Emirates,25.1368,55.8094,2020,1
United Arab Emirates,25.1368,55.8094,2022,2
United Arab Emirates,25.4363,56.2301,2021,1
Yemen,4.769,59.6413,2024,11
Yemen,12.4081,48.278,2020,6
Yemen,12.4081,48.278,2021,3
Yemen,12.4081,48.278,2022,1
Yemen,12.4081,48.278,2023,3
Yemen,12.4081,48.278,2024,86
Yemen,12.4081,48.278,2025,4
Yemen,12.5081,53.893,2020,126
Yemen,12.5081,53.893,2021,23
Yemen,12.5081,53.893,2022,27
Yemen,12.5081,53.893,2023,17
Yemen,12.5081,53.893,2024,5
Yemen,12.5081,53.893,2025,8
Yemen,12.613,43.3362,2020,1
Yemen,12.613,43.3362,2022,1
Yemen,12.613,43.3362,2023,24
Yemen,12.613,43.3362,2024,26
Yemen,12.613,43.3362,2025,2
Yemen,12.8058,44.788,2020,556
Yemen,12.8058,44.788,2021,378
Yemen,12.8058,44.788,2022,216
Yemen,12.8058,44.788,2023,383
Yemen,12.8058,44.788,2024,202
Yemen,12.8058,44.788,2025,233
Yemen,13.2949,43.7855,2020,888
Yemen,13.2949,43.7855,2021,774
Yemen,13.2949,43.7855,2022,1054
Yemen,13.2949,43.7855,2023,845
Yemen,13.2949,43.7855,2024,1128
Yemen,13.2949,43.7855,2025,1144
Yemen,13.3204,44.7623,2020,156
Yemen,13.3204,44.7623,2021,148
Yemen,13.3204,44.7623,2022,169
Yemen,13.3204,44.7623,2023,194
Yemen,13.3204,44.7623,2024,627
Yemen,13.3204,44.7623,2025,502
Yemen,13.6274,46.228,2020,733
Yemen,13.6274,46.228,2021,207
Yemen,13.6274,46.228,2022,260
Yemen,13.6274,46.228,2023,326
Yemen,13.6274,46.228,2024,471
Yemen,13.6274,46.228,2025,297
Yemen,13.8711,57.1292,2024,17
Yemen,13.8711,57.1292,2025,5
Yemen,13.8943,44.7825,2020,915
Yemen,13.8943,44.7825,2021,315
Yemen,13.8943,44.7825,2022,332
Yemen,13.8943,44.7825,2023,248
Yemen,13.8943,44.7825,2024,701
Yemen,13.8943,44.7825,2025,536
Yemen,14.0881,44.175,2020,145
Yemen,14.0881,44.175,2021,114
Yemen,14.0881,44.175,2022,164
Yemen,14.0881,44.175,2023,342
Yemen,14.0881,44.175,2024,1666
Yemen,14.0881,44.175,2025,1980
Yemen,14.326,45.216,2020,520
Yemen,14.326,45.216,2021,380
Yemen,14.326,45.216,2022,162
Yemen,14.326,45.216,2023,111
Yemen,14.326,45.216,2024,257
Yemen,14.326,45.216,2025,260
Yemen,14.5395,44.3063,2020,70
Yemen,14.5395,44.3063,2021,52
Yemen,14.5395,44.3063,2022,61
Yemen,14.5395,44.3063,2023,217
Yemen,14.5395,44.3063,2024,650
Yemen,14.5395,44.3063,2025,143
Yemen,14.651,46.62,2020,279
Yemen,14.651,46.62,2021,291
Yemen,14.651,46.62,2022,534
Yemen,14.651,46.62,2023,322
Yemen,14.651,46.62,2024,288
Yemen,14.651,46.62,2025,237
Yemen,14.657,43.6874,2020,6
Yemen,14.657,43.6874,2021,23
Yemen,14.657,43.6874,2022,22
Yemen,14.657,43.6874,2023,93
Yemen,14.657,43.6874,2024,243
Yemen,14.657,43.6874,2025,133
Yemen,14.7791,43.2181,2020,2937
Yemen,14.7791,43.2181,2021,1917
Yemen,14.7791,43.2181,2022,914
Yemen,14.7791,43.2181,2023,683
Yemen,14.7791,43.2181,2024,995
Yemen,14.7791,43.2181,2025,711
Yemen,15.3084,43.4994,2020,5
Yemen,15.3084,43.4994,2021,36
Yemen,15.3084,43.4994,2022,9
Yemen,15.3084,43.4994,2023,72
Yemen,15.3084,43.4994,2024,657
Yemen,15.3084,43.4994,2025,175
Yemen,15.3329,45.4523,2020,1660
Yemen,15.3329,45.4523,2021,2245
Yemen,15.3329,45.4523,2022,1293
Yemen,15.3329,45.4523,2023,442
Yemen,15.3329,45.4523,2024,648
Yemen,15.3329,45.4523,2025,767
Yemen,15.3931,44.4753,2020,350
Yemen,15.3931,44.4753,2021,96
Yemen,15.3931,44.4753,2022,108
Yemen,15.3931,44.4753,2023,202
Yemen,15.3931,44.4753,2024,327
Yemen,15.3931,44.4753,2025,501
Yemen,15.4201,44.1919,2020,169
Yemen,15.4201,44.1919,2021,208
Yemen,15.4201,44.1919,2022,175
Yemen,15.4201,44.1919,2023,273
Yemen,15.4201,44.1919,2024,531
Yemen,15.4201,44.1919,2025,472
Yemen,15.5791,40.9906,2020,16
Yemen,15.5791,40.9906,2021,7
Yemen,15.5791,40.9906,2022,9
Yemen,15.5791,40.9906,2023,21
Yemen,15.5791,40.9906,2024,188
Yemen,15.5791,40.9906,2025,11
Yemen,16.0944,43.2039,2020,279
Yemen,16.0944,43.2039,2021,185
Yemen,16.0944,43.2039,2022,741
Yemen,16.0944,43.2039,2023,340
Yemen,16.0944,43.2039,2024,629
Yemen,16.0944,43.2039,2025,597
Yemen,16.1156,43.9414,2020,54
Yemen,16.1156,43.9414,2021,35
Yemen,16.1156,43.9414,2022,62
Yemen,16.1156,43.9414,2023,74
Yemen,16.1156,43.9414,2024,628
Yemen,16.1156,43.9414,2025,209
Yemen,16.5288,48.6269,2020,146
Yemen,16.5288,48.6269,2021,111
Yemen,16.5288,48.6269,2022,173
Yemen,16.5288,48.6269,2023,146
Yemen,16.5288,48.6269,2024,113
Yemen,16.5288,48.6269,2025,205
Yemen,16.5757,53.0427,2022,1
Yemen,16.5962,45.5989,2020,908
Yemen,16.5962,45.5989,2021,481
Yemen,16.5962,45.5989,2022,236
Yemen,16.5962,45.5989,2023,143
Yemen,16.5962,45.5989,2024,700
Yemen,16.5962,45.5989,2025,483
Yemen,17.0575,51.8238,2020,47
Yemen,17.0575,51.8238,2021,25
Yemen,17.0575,51.8238,2022,46
Yemen,17.0575,51.8238,2023,31
Yemen,17.0575,51.8238,2024,15
Yemen,17.0575,51.8238,2025,27
Yemen,17.0883,44.0424,2020,853
Yemen,17.0883,44.0424,2021,775
Yemen,17.0883,44.0424,2022,1148
Yemen,17.0883,44.0424,2023,540
Yemen,17.0883,44.0424,2024,1138
Yemen,17.0883,44.0424,2025,1403
Yemen,18.7938,39.9069,2024,1
Yemen,18.7938,39.9069,2025,36
Yemen,22.0188,62.9761,2020,1
Yemen,22.0188,62.9761,2021,2
Yemen,22.0188,62.9761,2024,2
Yemen,22.0188,62.9761,2025,2
Yemen,25.4074,35.9101,2025,8
